style,prop,glb,editable_glb,triangles,materials,runtime_primitives,separately_editable_nodes,glb_bytes,art_acceptance
oil_handpaint,bread_cart,models/oil_handpaint_bread_cart.glb,models/oil_handpaint_bread_cart_editable_parts.glb,3854,3,3,125,2227712,pending_user_review
oil_handpaint,tea_kiosk,models/oil_handpaint_tea_kiosk.glb,models/oil_handpaint_tea_kiosk_editable_parts.glb,3736,3,3,107,2214952,pending_user_review
oil_handpaint,mailbox_bench,models/oil_handpaint_mailbox_bench.glb,models/oil_handpaint_mailbox_bench_editable_parts.glb,2926,3,3,114,2127480,pending_user_review
genshin_cel,bread_cart,models/genshin_cel_bread_cart.glb,models/genshin_cel_bread_cart_editable_parts.glb,3856,3,3,127,1462444,pending_user_review
genshin_cel,tea_kiosk,models/genshin_cel_tea_kiosk.glb,models/genshin_cel_tea_kiosk_editable_parts.glb,3872,3,3,114,1464156,pending_user_review
genshin_cel,mailbox_bench,models/genshin_cel_mailbox_bench.glb,models/genshin_cel_mailbox_bench_editable_parts.glb,2930,3,3,117,1362424,pending_user_review
endfield_pbr_anime,bread_cart,models/endfield_pbr_anime_bread_cart.glb,models/endfield_pbr_anime_bread_cart_editable_parts.glb,3372,3,3,105,2512644,pending_user_review
endfield_pbr_anime,tea_kiosk,models/endfield_pbr_anime_tea_kiosk.glb,models/endfield_pbr_anime_tea_kiosk_editable_parts.glb,4707,3,3,118,2656808,pending_user_review
endfield_pbr_anime,mailbox_bench,models/endfield_pbr_anime_mailbox_bench.glb,models/endfield_pbr_anime_mailbox_bench_editable_parts.glb,3308,3,3,103,2505740,pending_user_review
ghibli_poster,bread_cart,models/ghibli_poster_bread_cart.glb,models/ghibli_poster_bread_cart_editable_parts.glb,3854,3,3,113,1402616,pending_user_review
ghibli_poster,tea_kiosk,models/ghibli_poster_tea_kiosk.glb,models/ghibli_poster_tea_kiosk_editable_parts.glb,3428,3,2,102,1355800,pending_user_review
ghibli_poster,mailbox_bench,models/ghibli_poster_mailbox_bench.glb,models/ghibli_poster_mailbox_bench_editable_parts.glb,2798,3,3,110,1288544,pending_user_review
bloomwalker_painterly,bread_cart,models/bloomwalker_painterly_bread_cart.glb,models/bloomwalker_painterly_bread_cart_editable_parts.glb,3914,3,3,134,1494404,pending_user_review
bloomwalker_painterly,tea_kiosk,models/bloomwalker_painterly_tea_kiosk.glb,models/bloomwalker_painterly_tea_kiosk_editable_parts.glb,4382,3,2,129,1544140,pending_user_review
bloomwalker_painterly,mailbox_bench,models/bloomwalker_painterly_mailbox_bench.glb,models/bloomwalker_painterly_mailbox_bench_editable_parts.glb,3582,3,3,138,1458532,pending_user_review
bk_project_candidate,bread_cart,models/bk_project_candidate_bread_cart.glb,models/bk_project_candidate_bread_cart_editable_parts.glb,3924,3,3,116,2188860,pending_user_review
bk_project_candidate,tea_kiosk,models/bk_project_candidate_tea_kiosk.glb,models/bk_project_candidate_tea_kiosk_editable_parts.glb,3736,3,3,107,2168536,pending_user_review
bk_project_candidate,mailbox_bench,models/bk_project_candidate_mailbox_bench.glb,models/bk_project_candidate_mailbox_bench_editable_parts.glb,2926,3,3,114,2081064,pending_user_review
